Date,Company,Role,Status,URL
2026-03-25 12:17,Unknown,Mern Stack Developer,APPLIED ✅,https://www.naukri.com/job-listings-mern-stack-developer-bonami-consulting-noida-2-to-5-years-180326015653
2026-03-25 12:18,Unknown,Mern Stack Developer,APPLIED ✅,https://www.naukri.com/job-listings-mern-stack-developer-agnotalents-chennai-2-to-3-years-091225022336
2026-03-25 12:18,Unknown,MERN Stack Developer,APPLIED ✅,https://www.naukri.com/job-listings-mern-stack-developer-sixsigma-technosoft-kolkata-mumbai-new-delhi-hyderabad-pune-chennai-bengaluru-1-to-5-years-121224502854
2026-03-25 12:19,Unknown,MERN Stack Developer,APPLIED ✅,https://www.naukri.com/job-listings-mern-stack-developer-programming-com-noida-new-delhi-chennai-2-to-5-years-121224501316
2026-03-25 12:19,Unknown,MERN Stack Developer,APPLIED ✅,https://www.naukri.com/job-listings-mern-stack-developer-cogitate-technology-solutions-kolkata-mumbai-new-delhi-hyderabad-pune-chennai-bengaluru-2-to-7-years-220125501157
2026-03-25 12:20,Unknown,MERN Stack Developer,APPLIED ✅,https://www.naukri.com/job-listings-mern-stack-developer-bitlyze-technologies-noida-2-to-7-years-211124507462
2026-03-25 12:20,Unknown,Mern Stack Developer,APPLIED ✅,https://www.naukri.com/job-listings-mern-stack-developer-itcombine-noida-2-to-6-years-200824501124
2026-03-25 12:21,Unknown,MERN Stack Developer,APPLIED ✅,https://www.naukri.com/job-listings-mern-stack-developer-zipaworld-noida-1-to-4-years-271125500376
2026-03-25 12:21,Unknown,Mern Stack Developer,APPLIED ✅,https://www.naukri.com/job-listings-mern-stack-developer-shunya-ekai-tech-gurugram-1-to-4-years-150524501586
2026-03-25 12:22,Unknown,MERN Stack Developer,APPLIED ✅,https://www.naukri.com/job-listings-mern-stack-developer-megaminds-technologies-private-limited-surat-2-to-3-years-270525503542
